question,answer
In what year did the First World War begin?,1914
Who was the first President of the United States?,George Washington
In what year did the Berlin Wall fall?,1989
Which empire did Julius Caesar lead?,Roman
In what year did World War Two end?,1945
Who wrote the Communist Manifesto?,Karl Marx
In what year did the French Revolution begin?,1789
Which country dropped the atomic bombs on Japan in 1945?,United States
Who was the British Prime Minister at the start of World War Two?,Neville Chamberlain
In what year did the Russian Revolution take place?,1917
Who commanded the Allied forces on D-Day?,Dwight Eisenhower
In what year was the Magna Carta signed?,1215
Which city was the capital of the Byzantine Empire?,Constantinople
Who was the first Emperor of China?,Qin Shi Huang
In what year did the United States declare independence?,1776
Who led the Soviet Union during World War Two?,Joseph Stalin
In what year did Napoleon meet his final defeat at Waterloo?,1815
Which country was the first to grant women the right to vote?,New Zealand
Who assassinated Archduke Franz Ferdinand?,Gavrilo Princip
In what year did the Ottoman Empire officially dissolve?,1922
In what year did the Second World War begin?,1939
Who was the first person to walk on the Moon?,Neil Armstrong
In what year did the Soviet Union collapse?,1991
Who was the leader of Nazi Germany?,Adolf Hitler
In what year was the United Nations founded?,1945
Which country was the first to launch a satellite into space?,Soviet Union
Who was the British monarch during World War Two?,George VI
In what year did the American Civil War end?,1865
Who invented the telephone?,Alexander Graham Bell
In what year did the First Crusade begin?,1096
Who was the first female Prime Minister of the United Kingdom?,Margaret Thatcher
In what year did India gain independence from Britain?,1947
Who led the Cuban Revolution?,Fidel Castro
In what year was the atomic bomb dropped on Hiroshima?,1945
Who was the first Emperor of Rome?,Augustus
In what year did the Korean War begin?,1950
Who wrote the Declaration of Independence?,Thomas Jefferson
In what year did Christopher Columbus first reach the Americas?,1492
Who was the last Tsar of Russia?,Nicholas II
In what year was the Eiffel Tower completed?,1889
Which battle ended Napoleon's rule in 1815?,Waterloo
Who was the first woman to win a Nobel Prize?,Marie Curie
In what year did the Vietnam War end?,1975
Who commanded the German forces at the Battle of El Alamein?,Erwin Rommel
In what year was the Great Wall of China begun under the Qin dynasty?,221
Who was the first Chancellor of unified Germany in 1871?,Otto von Bismarck
In what year did the Spanish Civil War begin?,1936
Who was the last Byzantine Emperor?,Constantine XI
In what year did Mao Zedong proclaim the People's Republic of China?,1949
Who built the Taj Mahal?,Shah Jahan
In what year did the Battle of Hastings take place?,1066
Who was the first President of France's Fifth Republic?,Charles de Gaulle
In what year was the League of Nations founded?,1920
Who led the Long March in China?,Mao Zedong
In what year did the Titanic sink?,1912
Who was the first Prime Minister of Australia?,Edmund Barton
In what year did the Thirty Years War end?,1648
Who assassinated Abraham Lincoln?,John Wilkes Booth
In what year was the Bastille stormed?,1789
Who was the first Secretary-General of the United Nations?,Trygve Lie
In what year did Nelson Mandela become President of South Africa?,1994
Who led the Indian independence movement using nonviolent resistance?,Mahatma Gandhi
In what year did the Black Death first reach Europe?,1347
Who was the first female President of Argentina?,Isabel Peron
In what year did the American Revolution end?,1783
Who commanded Union forces at the Battle of Gettysburg?,George Meade
In what year was the Berlin Airlift?,1948
Who was the last Pharaoh of ancient Egypt?,Cleopatra
In what year did the Gulf War begin?,1990
Who was the first Prime Minister of Israel?,David Ben-Gurion
In what year was the Constitution of the United States ratified?,1788
Who led the Bolshevik Revolution?,Vladimir Lenin
In what year did the Rwandan genocide occur?,1994
Who was the first President of Mexico?,Guadalupe Victoria
In what year did Hitler become Chancellor of Germany?,1933
Who was the Roman general who crossed the Rubicon?,Julius Caesar
In what year was the Suez Crisis?,1956
Who was the first Prime Minister of Canada?,John A Macdonald
In what year did the Battle of Trafalgar take place?,1805
Who was the first President of the United States to be impeached?,Andrew Johnson
In what year did the Ottoman siege of Vienna fail?,1683
Who was the first President of Ghana?,Kwame Nkrumah
In what year did the Iran hostage crisis begin?,1979
Who commanded the Confederate forces during the American Civil War?,Robert E Lee
In what year did Vesuvius erupt and destroy Pompeii?,79
Who was the first female Prime Minister of India?,Indira Gandhi
In what year did the Meiji Restoration begin in Japan?,1868
Who was the British general defeated at Yorktown?,Charles Cornwallis
In what year did the Cuban Missile Crisis occur?,1962
Who founded the Mongol Empire?,Genghis Khan
In what year did the French Third Republic fall?,1940
Who was the first President of the Republic of Turkey?,Mustafa Kemal Ataturk
In what year was the Battle of Marathon?,490
Who led the Haitian Revolution?,Toussaint Louverture
In what year did the Falklands War take place?,1982
Who was the first President of South Africa after apartheid?,Nelson Mandela
In what year did the Byzantine Empire fall?,1453
Who was the first Holy Roman Emperor?,Charlemagne
In what year was the Treaty of Versailles signed?,1919
Who was the first President of Egypt after the revolution of 1952?,Muhammad Naguib
In what year did the Korean War end?,1953
Who was Julius Caesar's assassin and also his close ally?,Marcus Brutus
In what year was the Battle of Agincourt?,1415
Who was the first female Chancellor of Germany?,Angela Merkel
In what year did the Peloponnesian War begin?,431
Who was the first President of Zimbabwe?,Canaan Banana
In what year was the Magna Carta sealed?,1215
Who led the Protestant Reformation in Germany?,Martin Luther
In what year did the Anglo-Zulu War take place?,1879
Who was the first President of Brazil?,Deodoro da Fonseca
In what year did the Second Punic War begin?,218
Who was the last Mughal Emperor?,Bahadur Shah II
In what year was the Battle of Lepanto?,1571
Who was the first female Prime Minister of Pakistan?,Benazir Bhutto
In what year did the Scramble for Africa begin?,1881
Who commanded the Allied forces at the Battle of Waterloo?,Arthur Wellesley
In what year was the Congress of Vienna?,1815
Who was the first President of the Philippines?,Emilio Aguinaldo
In what year did the Spanish Armada sail against England?,1588
Who was the longest-serving British Prime Minister of the twentieth century?,Margaret Thatcher
In what year was the Battle of the Somme?,1916
Who was the first President of Nigeria?,Nnamdi Azikiwe
In what year did the First Opium War end?,1842
Who was the last King of France?,Louis Philippe
In what year was the Battle of Stalingrad?,1942
Who was the first Prime Minister of New Zealand?,Henry Sewell
In what year did Japan invade Manchuria?,1931
Who was the first President of Indonesia?,Sukarno
In what year did the Napoleonic Wars begin?,1803
Who was the first Caliph of Islam after Muhammad?,Abu Bakr
In what year did the Second Boer War end?,1902
Who was the first President of Kenya?,Jomo Kenyatta
In what year was the Battle of Culloden?,1746
Who was the first emperor of the Holy Roman Empire to be excommunicated?,Henry IV
In what year did the Taiping Rebellion end?,1864
Who was the first Prime Minister of Japan?,Ito Hirobumi
In what year was the assassination of Archduke Franz Ferdinand?,1914
Who was the first President of Argentina?,Bernardino Rivadavia
In what year did the Seven Years War end?,1763
Who was the last King of Egypt before the republic?,Farouk
In what year was the Battle of the Bulge?,1944
Who was the first President of Chile?,Bernardo O'Higgins
In what year did the Crimean War end?,1856
Who was the first female Prime Minister of Australia?,Julia Gillard
In what year was the Battle of Thermopylae?,480
Who was the first President of Vietnam?,Ho Chi Minh
In what year did the First Italian War of Independence occur?,1848
Who was the first female Pharaoh of Egypt?,Hatshepsut
In what year was the Peasants Revolt in England?,1381
Who was the first President of Cuba?,Tomas Estrada Palma
In what year did the Byzantine-Arab Wars begin?,634
Who was the last King of Poland?,Stanislaw August Poniatowski
In what year was the Battle of Borodino?,1812
Who was the first President of Liberia?,Joseph Jenkins Roberts
In what year did the War of the Roses begin?,1455
Who was the first female Head of Government in the world?,Sirimavo Bandaranaike
In what year was the Battle of Cannae?,216
Who was the first President of Pakistan?,Iskander Mirza
In what year did the Indian Mutiny begin?,1857
Who was the last King of Babylon?,Nabonidus
In what year was the Great Fire of London?,1666
Who was the first President of the Weimar Republic?,Friedrich Ebert
In what year did the Hundred Years War end?,1453
Who was the first Prime Minister of South Africa?,Louis Botha
In what year was the Battle of Tours?,732
Who was the first President of Peru?,Jose de la Riva Aguero
In what year did the Thirty Years War begin?,1618
Who was the last Aztec Emperor?,Cuauhtemoc
In what year was the Battle of Blenheim?,1704
In what year did the Polish-Soviet War end?,1921
Who was the first President of Colombia?,Simon Bolivar
In what year did the Sepoy Mutiny occur?,1857
Who was the last King of the Aztec Empire?,Cuauhtemoc
In what year was the Treaty of Westphalia signed?,1648
Who was the first President of Bolivia?,Antonio Jose de Sucre
In what year did the Siege of Leningrad begin?,1941
Who was the first female Prime Minister of Israel?,Golda Meir
In what year was the Glorious Revolution in England?,1688
Who was the first President of Venezuela?,Simon Bolivar
In what year did the First World War end?,1918
Who was the last Inca Emperor?,Atahualpa
In what year was the assassination of Martin Luther King Jr?,1968
Who was the first President of Ecuador?,Juan Jose Flores
In what year did the Mongols sack Baghdad?,1258
Who was the last King of Prussia?,Wilhelm II
In what year was the Paris Commune?,1871
Who was the first President of Panama?,Manuel Amador Guerrero
In what year did the Sino-Japanese War begin?,1894
Who was the last Emperor of Austria-Hungary?,Karl I
In what year was the Battle of Adwa?,1896
Who was the first President of Costa Rica?,Juan Mora Fernandez
Who was the 1st President of the United States?,George Washington
In what year did George Washington become President of the United States?,1789
Who was the 2nd President of the United States?,John Adams
In what year did John Adams become President of the United States?,1797
Who was the 3rd President of the United States?,Thomas Jefferson
In what year did Thomas Jefferson become President of the United States?,1801
Who was the 4th President of the United States?,James Madison
In what year did James Madison become President of the United States?,1809
Who was the 5th President of the United States?,James Monroe
In what year did James Monroe become President of the United States?,1817
Who was the 6th President of the United States?,John Quincy Adams
In what year did John Quincy Adams become President of the United States?,1825
Who was the 7th President of the United States?,Andrew Jackson
In what year did Andrew Jackson become President of the United States?,1829
Who was the 8th President of the United States?,Martin Van Buren
In what year did Martin Van Buren become President of the United States?,1837
Who was the 9th President of the United States?,William Henry Harrison
In what year did William Henry Harrison become President of the United States?,1841
Who was the 10th President of the United States?,John Tyler
In what year did John Tyler become President of the United States?,1841
Who was the 11th President of the United States?,James K Polk
In what year did James K Polk become President of the United States?,1845
Who was the 12th President of the United States?,Zachary Taylor
In what year did Zachary Taylor become President of the United States?,1849
Who was the 13th President of the United States?,Millard Fillmore
In what year did Millard Fillmore become President of the United States?,1850
Who was the 14th President of the United States?,Franklin Pierce
In what year did Franklin Pierce become President of the United States?,1853
Who was the 15th President of the United States?,James Buchanan
In what year did James Buchanan become President of the United States?,1857
Who was the 16th President of the United States?,Abraham Lincoln
In what year did Abraham Lincoln become President of the United States?,1861
Who was the 17th President of the United States?,Andrew Johnson
In what year did Andrew Johnson become President of the United States?,1865
Who was the 18th President of the United States?,Ulysses S Grant
In what year did Ulysses S Grant become President of the United States?,1869
Who was the 19th President of the United States?,Rutherford B Hayes
In what year did Rutherford B Hayes become President of the United States?,1877
Who was the 20th President of the United States?,James Garfield
In what year did James Garfield become President of the United States?,1881
Who was the 21st President of the United States?,Chester A Arthur
In what year did Chester A Arthur become President of the United States?,1881
Who was the 22nd President of the United States?,Grover Cleveland
In what year did Grover Cleveland become President of the United States?,1885
Who was the 23rd President of the United States?,Benjamin Harrison
In what year did Benjamin Harrison become President of the United States?,1889
Who was the 25th President of the United States?,William McKinley
In what year did William McKinley become President of the United States?,1897
Who was the 26th President of the United States?,Theodore Roosevelt
In what year did Theodore Roosevelt become President of the United States?,1901
Who was the 27th President of the United States?,William Howard Taft
In what year did William Howard Taft become President of the United States?,1909
Who was the 28th President of the United States?,Woodrow Wilson
In what year did Woodrow Wilson become President of the United States?,1913
Who was the 29th President of the United States?,Warren G Harding
In what year did Warren G Harding become President of the United States?,1921
Who was the 30th President of the United States?,Calvin Coolidge
In what year did Calvin Coolidge become President of the United States?,1923
Who was the 31st President of the United States?,Herbert Hoover
In what year did Herbert Hoover become President of the United States?,1929
Who was the 32nd President of the United States?,Franklin D Roosevelt
In what year did Franklin D Roosevelt become President of the United States?,1933
Who was the 33rd President of the United States?,Harry S Truman
In what year did Harry S Truman become President of the United States?,1945
Who was the 34th President of the United States?,Dwight D Eisenhower
In what year did Dwight D Eisenhower become President of the United States?,1953
Who was the 35th President of the United States?,John F Kennedy
In what year did John F Kennedy become President of the United States?,1961
Who was the 36th President of the United States?,Lyndon B Johnson
In what year did Lyndon B Johnson become President of the United States?,1963
Who was the 37th President of the United States?,Richard Nixon
In what year did Richard Nixon become President of the United States?,1969
Who was the 38th President of the United States?,Gerald Ford
In what year did Gerald Ford become President of the United States?,1974
Who was the 39th President of the United States?,Jimmy Carter
In what year did Jimmy Carter become President of the United States?,1977
Who was the 40th President of the United States?,Ronald Reagan
In what year did Ronald Reagan become President of the United States?,1981
Who was the 41st President of the United States?,George H W Bush
In what year did George H W Bush become President of the United States?,1989
Who was the 42nd President of the United States?,Bill Clinton
In what year did Bill Clinton become President of the United States?,1993
Who was the 43rd President of the United States?,George W Bush
In what year did George W Bush become President of the United States?,2001
Who was the 44th President of the United States?,Barack Obama
In what year did Barack Obama become President of the United States?,2009
Who was the 45th President of the United States?,Donald Trump
In what year did Donald Trump become President of the United States?,2017
Who was the 46th President of the United States?,Joe Biden
In what year did Joe Biden become President of the United States?,2021
In what year did William I become monarch of England or Britain?,1066
In what year did William II become monarch of England or Britain?,1087
In what year did Henry I become monarch of England or Britain?,1100
In what year did Stephen become monarch of England or Britain?,1135
In what year did Henry II become monarch of England or Britain?,1154
In what year did Richard I become monarch of England or Britain?,1189
In what year did John become monarch of England or Britain?,1199
In what year did Henry III become monarch of England or Britain?,1216
In what year did Edward I become monarch of England or Britain?,1272
In what year did Edward II become monarch of England or Britain?,1307
In what year did Edward III become monarch of England or Britain?,1327
In what year did Richard II become monarch of England or Britain?,1377
In what year did Henry IV become monarch of England or Britain?,1399
In what year did Henry V become monarch of England or Britain?,1413
In what year did Henry VI become monarch of England or Britain?,1422
In what year did Edward IV become monarch of England or Britain?,1461
In what year did Richard III become monarch of England or Britain?,1483
In what year did Henry VII become monarch of England or Britain?,1485
In what year did Henry VIII become monarch of England or Britain?,1509
In what year did Edward VI become monarch of England or Britain?,1547
In what year did Mary I become monarch of England or Britain?,1553
In what year did Elizabeth I become monarch of England or Britain?,1558
In what year did James I become monarch of England or Britain?,1603
In what year did Charles I become monarch of England or Britain?,1625
In what year did Charles II become monarch of England or Britain?,1660
In what year did James II become monarch of England or Britain?,1685
In what year did William III become monarch of England or Britain?,1689
In what year did Anne become monarch of England or Britain?,1702
In what year did George I become monarch of England or Britain?,1714
In what year did George II become monarch of England or Britain?,1727
In what year did George III become monarch of England or Britain?,1760
In what year did George IV become monarch of England or Britain?,1820
In what year did William IV become monarch of England or Britain?,1830
In what year did Victoria become monarch of England or Britain?,1837
In what year did Edward VII become monarch of England or Britain?,1901
In what year did George V become monarch of England or Britain?,1910
In what year did George VI become monarch of England or Britain?,1936
In what year did Elizabeth II become monarch of England or Britain?,1952
In what year did Charles III become monarch of England or Britain?,2022
In what year did Augustus become Roman Emperor?,27 BC
In what year did Tiberius become Roman Emperor?,14
In what year did Caligula become Roman Emperor?,37
In what year did Claudius become Roman Emperor?,41
In what year did Nero become Roman Emperor?,54
In what year did Vespasian become Roman Emperor?,69
In what year did Titus become Roman Emperor?,79
In what year did Domitian become Roman Emperor?,81
In what year did Nerva become Roman Emperor?,96
In what year did Trajan become Roman Emperor?,98
In what year did Hadrian become Roman Emperor?,117
In what year did Antoninus Pius become Roman Emperor?,138
In what year did Marcus Aurelius become Roman Emperor?,161
In what year did Commodus become Roman Emperor?,180
In what year did Septimius Severus become Roman Emperor?,193
In what year did Caracalla become Roman Emperor?,211
In what year did Diocletian become Roman Emperor?,284
In what year did Constantine I become Roman Emperor?,306
In what year did Theodosius I become Roman Emperor?,379
In what year did Robert Walpole become Prime Minister of the United Kingdom?,1721
In what year did William Pitt the Younger become Prime Minister of the United Kingdom?,1783
In what year did Robert Peel become Prime Minister of the United Kingdom?,1834
In what year did Lord John Russell become Prime Minister of the United Kingdom?,1846
In what year did Viscount Palmerston become Prime Minister of the United Kingdom?,1855
In what year did Benjamin Disraeli become Prime Minister of the United Kingdom?,1868
In what year did William Gladstone become Prime Minister of the United Kingdom?,1868
In what year did Marquess of Salisbury become Prime Minister of the United Kingdom?,1885
In what year did Arthur Balfour become Prime Minister of the United Kingdom?,1902
In what year did Henry Campbell-Bannerman become Prime Minister of the United Kingdom?,1905
In what year did H H Asquith become Prime Minister of the United Kingdom?,1908
In what year did David Lloyd George become Prime Minister of the United Kingdom?,1916
In what year did Bonar Law become Prime Minister of the United Kingdom?,1922
In what year did Stanley Baldwin become Prime Minister of the United Kingdom?,1923
In what year did Ramsay MacDonald become Prime Minister of the United Kingdom?,1924
In what year did Winston Churchill become Prime Minister of the United Kingdom?,1940
In what year did Clement Attlee become Prime Minister of the United Kingdom?,1945
In what year did Anthony Eden become Prime Minister of the United Kingdom?,1955
In what year did Harold Macmillan become Prime Minister of the United Kingdom?,1957
In what year did Alec Douglas-Home become Prime Minister of the United Kingdom?,1963
In what year did Harold Wilson become Prime Minister of the United Kingdom?,1964
In what year did Edward Heath become Prime Minister of the United Kingdom?,1970
In what year did James Callaghan become Prime Minister of the United Kingdom?,1976
In what year did Margaret Thatcher become Prime Minister of the United Kingdom?,1979
In what year did John Major become Prime Minister of the United Kingdom?,1990
In what year did Tony Blair become Prime Minister of the United Kingdom?,1997
In what year did Gordon Brown become Prime Minister of the United Kingdom?,2007
In what year did David Cameron become Prime Minister of the United Kingdom?,2010
In what year did Theresa May become Prime Minister of the United Kingdom?,2016
In what year did Boris Johnson become Prime Minister of the United Kingdom?,2019
In what year did Louis XIV become ruler of France?,1643
In what year did Louis XV become ruler of France?,1715
In what year did Louis XVI become ruler of France?,1774
In what year did Napoleon I become ruler of France?,1804
In what year did Louis XVIII become ruler of France?,1814
In what year did Charles X become ruler of France?,1824
In what year did Louis Philippe become ruler of France?,1830
In what year did Napoleon III become ruler of France?,1852
In what year did Gregory I become Pope?,590
In what year did Urban II become Pope?,1088
In what year did Leo X become Pope?,1513
In what year did John Paul II become Pope?,1978
"Who became King of Spain in 1556, ruling one of history's largest empires?",Philip II
"Who was the King of Prussia known as Frederick the Great, crowned in 1740?",Frederick II
Who became the first Emperor of a unified Germany in 1871?,Wilhelm I
"Who became Tsar of Russia in 1547, the first to hold that title?",Ivan IV
Who became Tsar of Russia in 1682 and modernised the country?,Peter the Great
Who became Empress of Russia in 1762?,Catherine the Great
In what year did Nicholas II become Tsar of Russia?,1894
In what year did Ghana gain independence?,1957
In what year did Nigeria gain independence?,1960
In what year did Kenya gain independence?,1963
In what year did Pakistan gain independence?,1947
In what year did Bangladesh gain independence?,1971
In what year did Indonesia gain independence?,1945
In what year did the Philippines gain independence?,1946
In what year did Algeria gain independence?,1962
In what year did Angola gain independence?,1975
In what year did Mozambique gain independence?,1975
In what year did Zimbabwe gain independence?,1980
In what year did Israel gain independence?,1948
In what year did Mexico gain independence?,1821
In what year did Brazil gain independence?,1822
In what year did Argentina gain independence?,1816
In what year did Chile gain independence?,1818
In what year did Cuba gain independence?,1902
In what year did Panama gain independence?,1903
In what year did Haiti gain independence?,1804
In what year did Canada gain independence?,1867
In what year did Australia gain independence?,1901
In what year did New Zealand gain independence?,1907
In what year did South Africa gain independence?,1910
In what year did Egypt gain independence?,1922
In what year did Iraq gain independence?,1932
In what year did Jordan gain independence?,1946
In what year did Lebanon gain independence?,1943
In what year did Syria gain independence?,1946
In what year did Libya gain independence?,1951
In what year did Sudan gain independence?,1956
In what year did Tunisia gain independence?,1956
In what year did Morocco gain independence?,1956
In what year did Cyprus gain independence?,1960
In what year did Malaysia gain independence?,1957
In what year did Singapore gain independence?,1965
In what year did Sri Lanka gain independence?,1948
In what year did Myanmar gain independence?,1948
In what year did Laos gain independence?,1953
In what year did Cambodia gain independence?,1953
In what year did Finland gain independence?,1917
In what year did Norway gain independence?,1905
In what year did Iceland gain independence?,1944
In what year did Ireland gain independence?,1922
In what year did Greece gain independence?,1830
In what year did Belgium gain independence?,1830
In what year did Bulgaria gain independence?,1878
In what year did Ukraine declare or gain independence?,1991
In what year did Belarus declare or gain independence?,1991
In what year did Kazakhstan declare or gain independence?,1991
In what year did Uzbekistan declare or gain independence?,1991
In what year did Armenia declare or gain independence?,1991
In what year did Georgia declare or gain independence?,1991
In what year did Azerbaijan declare or gain independence?,1991
In what year did Moldova declare or gain independence?,1991
In what year did Slovenia declare or gain independence?,1991
In what year did Croatia declare or gain independence?,1991
In what year did Bosnia and Herzegovina declare or gain independence?,1992
In what year did North Macedonia declare or gain independence?,1991
In what year did Eritrea declare or gain independence?,1993
In what year did Timor-Leste declare or gain independence?,2002
In what year did Montenegro declare or gain independence?,2006
In what year did Kosovo declare or gain independence?,2008
In what year did Czechoslovakia's split into two countries declare or gain independence?,1993
In what year was the Ottoman Empire founded?,1299
In what year was the Holy Roman Empire dissolved by Napoleon?,1806
In what year was the Mongol Empire founded by Genghis Khan?,1206
In what year was the Abbasid Caliphate founded?,750
In what year was the Umayyad Caliphate founded?,661
In what year was the Achaemenid Persian Empire founded by Cyrus the Great?,550 BC
In what year did the Qing dynasty begin?,1644
In what year did the Qing dynasty end?,1912
In what year did the Ming dynasty begin?,1368
In what year did the Ming dynasty end?,1644
In what year did the Tang dynasty begin?,618
In what year did the Han dynasty begin?,206 BC
In what year was the Maurya Empire founded in India?,322 BC
In what year was the Gupta Empire founded in India?,320
In what year did the Inca Empire fall to Spanish conquest?,1533
In what year did the Aztec Empire fall to Spanish conquest?,1521
In what year was the Safavid Empire founded in Persia?,1501
In what year was the Mughal Empire founded by Babur?,1526
In what year was the Songhai Empire at its height established?,1464
In what year was the Mali Empire founded?,1235
In what year was the Zulu Kingdom founded by Shaka?,1816
In what year did the War of 1812 begin?,1812
In what year did the War of 1812 end?,1815
In what year did the Mexican-American War begin?,1846
In what year did the Mexican-American War end?,1848
In what year did the Franco-Prussian War begin?,1870
In what year did the Franco-Prussian War end?,1871
In what year did the Crimean War begin?,1853
In what year did the Second Boer War begin?,1899
In what year did the First Balkan War begin?,1912
In what year did the Second Balkan War begin?,1913
In what year did the Russo-Japanese War begin?,1904
In what year did the Russo-Japanese War end?,1905
In what year did the Six-Day War take place?,1967
In what year did the Yom Kippur War take place?,1973
In what year did the Iran-Iraq War end?,1988
In what year did the Gulf War end?,1991
In what year did the Soviet-Afghan War begin?,1979
In what year did the Soviet-Afghan War end?,1989
In what year did the American Revolutionary War begin?,1775
In what year did the English Civil War begin?,1642
In what year did the English Civil War end?,1651
In what year did the War of the Spanish Succession begin?,1701
In what year did the War of the Austrian Succession begin?,1740
In what year did the Seven Years War begin?,1756
In what year did the Hundred Years War begin?,1337
In what year did the Wars of the Roses effectively end at Bosworth Field?,1485
In what year did the Peloponnesian War end?,404 BC
In what year did the First Punic War begin?,264 BC
In what year did the Second Punic War end?,201 BC
In what year did the Third Punic War begin?,149 BC
In what year did the Greco-Persian Wars begin?,499 BC
In what year did the Winter War between Finland and the Soviet Union begin?,1939
In what year did the War of the Triple Alliance in South America begin?,1864
In what year did the Mexican Revolution begin?,1910
In what year did the Russian Civil War begin?,1917
In what year did the Russian Civil War end?,1922
In what year did the Spanish-American War take place?,1898
In what year did the Boxer Rebellion begin?,1899
In what year did the First Anglo-Afghan War begin?,1839
In what year did the Second Anglo-Afghan War begin?,1878
In what year did the Third Anglo-Afghan War take place?,1919
In what year did the Second Sino-Japanese War begin?,1937
In what year did the Russo-Turkish War of 1877 begin?,1877
In what year was the Battle of Fallen Timbers?,1794
In what year was the Battle of New Orleans?,1815
In what year was the Battle of Little Bighorn?,1876
In what year was the Battle of Bull Run?,1861
In what year was the Battle of Shiloh?,1862
In what year was the Battle of Chancellorsville?,1863
In what year was the Battle of Cold Harbor?,1864
In what year was the Battle of Chickamauga?,1863
In what year was the Battle of Franklin during the American Civil War?,1864
In what year was the Siege of Vicksburg?,1863
In what year was the Battle of Fredericksburg?,1862
In what year was the Battle of Chattanooga?,1863
In what year was the Battle of the Wilderness?,1864
In what year was the Battle of Spotsylvania?,1864
In what year was the First Battle of Ypres?,1914
In what year was the Second Battle of Ypres?,1915
In what year was the Battle of Gallipoli?,1915
In what year was the Battle of Cambrai?,1917
In what year was the Battle of Amiens?,1918
In what year was the Battle of France?,1940
In what year did the Battle of the Atlantic begin?,1939
In what year was the Battle of Moscow?,1941
In what year was the Battle of Monte Cassino?,1944
In what year was the Battle of Arnhem?,1944
In what year was the Battle of Guadalcanal?,1942
In what year was the Battle of the Coral Sea?,1942
In what year was the Battle of Jena?,1806
In what year was the Battle of Wagram?,1809
In what year was the Battle of the Nile?,1798
In what year was the Battle of Crecy?,1346
In what year was the Battle of Poitiers during the Hundred Years War?,1356
In what year was the Siege of Orleans?,1429
In what year was the Battle of Castillon?,1453
In what year was the Battle of Manzikert?,1071
In what year was the Battle of Hattin?,1187
In what year was the Battle of Kadesh?,1274 BC
In what year was the Battle of Gaugamela?,331 BC
In what year was the Battle of Issus?,333 BC
In what year was the Battle of Chaeronea?,338 BC
In what year was the Battle of Adrianople?,378
In what year was the Battle of Chalons?,451
In what year did Constantinople fall to the Ottomans?,1453
In what year was the Battle of Salamis?,480 BC
In what year was the Battle of Plataea?,479 BC
In what year was the Battle of Actium?,31 BC
In what year was the Battle of Zama?,202 BC
In what year was the Battle of Yorktown?,1781
In what year was the Battle of Midway?,1942
In what year was the Battle of Britain?,1940
In what year was the Battle of Verdun?,1916
In what year was the attack on Pearl Harbor?,1941
In what year was the Battle of Iwo Jima?,1945
"In what year was D-Day, the Normandy landings?",1944
In what year was the Battle of Kursk?,1943
In what year was the Battle of Leyte Gulf?,1944
In what year was the Battle of Austerlitz?,1805
In what year was the Battle of Leipzig?,1813
In what year was the Battle of Bannockburn?,1314
In what year was the Battle of Bosworth Field?,1485
In what year was the Battle of Naseby?,1645
In what year was the Battle of the Boyne?,1690
In what year was the Battle of San Jacinto?,1836
In what year was the Battle of Antietam?,1862
In what year was the Battle of Gettysburg?,1863
In what year was the Battle of Sedan?,1870
In what year was the Battle of Mukden?,1905
In what year was the Battle of Tsushima?,1905
In what year was the Battle of Passchendaele?,1917
In what year was the First Battle of the Marne?,1914
In what year was the Battle of Jutland?,1916
In what year was the Battle of Okinawa?,1945
In what year was the Battle of Berlin?,1945
In what year was the Battle of Khe Sanh?,1968
In what year was the Battle of Dien Bien Phu?,1954
In what year did Vasco da Gama reach India by sea?,1498
In what year did Ferdinand Magellan's expedition depart to circumnavigate the globe?,1519
In what year did John Cabot reach North America?,1497
In what year did James Cook first reach Australia?,1770
"Who wrote The Prince, a treatise on political power?",Niccolo Machiavelli
Who wrote Das Kapital?,Karl Marx
Who painted the ceiling of the Sistine Chapel?,Michelangelo
Who painted the Mona Lisa?,Leonardo da Vinci
Who sculpted the statue of David?,Michelangelo
Who deciphered the hieroglyphs on the Rosetta Stone?,Jean-Francois Champollion
In what year was the Rosetta Stone discovered?,1799
Who led the Spanish conquest of the Aztec Empire?,Hernan Cortes
Who led the Spanish conquest of the Inca Empire?,Francisco Pizarro
Who was the first European credited with reaching the Americas via a Viking voyage?,Leif Erikson
Who was Queen of England during the defeat of the Spanish Armada?,Elizabeth I
Who was King of France during the French Revolution?,Louis XVI
Who was Tsar of Russia during Napoleon's 1812 invasion?,Alexander I
Who was Holy Roman Emperor during the early years of the Protestant Reformation?,Charles V
Who led the Norman conquest of England in 1066?,William the Conqueror
Who was Emperor of Japan at the end of World War Two?,Hirohito
Who was President of the United States at the start of the Great Depression?,Herbert Hoover
Who was President of the United States during the New Deal?,Franklin D Roosevelt
Who was President of the United States during the Louisiana Purchase?,Thomas Jefferson
Who was President of the United States during the Spanish-American War?,William McKinley
Who was President of the United States when the Berlin Wall fell?,George H W Bush
Who was the British Prime Minister during the Suez Crisis?,Anthony Eden
Who was the British Prime Minister on VE Day in 1945?,Winston Churchill
Who was the President of France during the outbreak of World War One?,Raymond Poincare
Who was the German Kaiser during World War One?,Wilhelm II
Who was the Austro-Hungarian Emperor at the outbreak of World War One?,Franz Joseph I
Who was Pharaoh during the construction of the Great Pyramid of Giza?,Khufu
Who was the Persian King who invaded Greece and fought at Marathon?,Darius I
Who was the Persian King who invaded Greece and fought at Thermopylae and Salamis?,Xerxes I
Who was King of Macedon and conquered the Persian Empire?,Alexander the Great
"Who was King of Macedon before Alexander the Great, his father?",Philip II
What was the name of the ship the Pilgrims sailed to America on in 1620?,Mayflower
In what year did the Pilgrims land at Plymouth Rock?,1620
What was the document signed by the Pilgrims establishing self-government called?,Mayflower Compact
In what year was the Boston Tea Party?,1773
In what year did the Salem witch trials take place?,1692
In what year was the Gutenberg Bible printed?,1455
In what year did Martin Luther post his Ninety-Five Theses?,1517
In what year did the Council of Trent begin?,1545
In what year was the Defenestration of Prague that triggered the Thirty Years War?,1618
In what year did Christopher Columbus die?,1506
In what year was the English East India Company founded?,1600
In what year was the Dutch East India Company founded?,1602
In what year was the Bank of England founded?,1694
"In what year did the first practical steam engine, built by Thomas Newcomen, appear?",1712
In what year did the Wright brothers make their first powered flight?,1903
In what year was the Panama Canal completed?,1914
In what year was the Suez Canal completed?,1869
In what year was the first US transcontinental railroad completed?,1869
In what year did the stock market crash that triggered the Great Depression occur?,1929
In what year was the Marshall Plan launched?,1948
In what year was NATO founded?,1949
In what year was the Warsaw Pact founded?,1955
In what year did the Cultural Revolution begin in China?,1966
In what year did the Tiananmen Square protests occur?,1989
In what year was the Chernobyl disaster?,1986
In what year did the Apollo 11 Moon landing take place?,1969
"In what year was Sputnik, the first artificial satellite, launched?",1957
"In what year was the first atomic bomb test, code-named Trinity?",1945
In what year did the Manhattan Project begin?,1942
In what year was the Universal Declaration of Human Rights adopted by the United Nations?,1948
In what year did the Velvet Revolution occur in Czechoslovakia?,1989
In what year did Germany reunify?,1990
In what year did the Yugoslav Wars begin?,1991
In what year did Hong Kong return to Chinese sovereignty?,1997
In what year was the Good Friday Agreement signed in Northern Ireland?,1998
In what year did apartheid officially end in South Africa?,1994
In what year was the Berlin Wall built?,1961
Who codified Babylonian law in the Code of Hammurabi around 1754 BC?,Hammurabi
Who built the Colosseum in Rome?,Vespasian
In what year was the Colosseum completed?,80
Who was the first Roman Emperor to convert to Christianity?,Constantine I
"In what year was the Edict of Milan issued, legalising Christianity in the Roman Empire?",313
In what year did the Western Roman Empire fall?,476
Who was the last Western Roman Emperor?,Romulus Augustulus
Who founded the city of Rome according to legend?,Romulus
"In what year, according to tradition, was Rome founded?",753 BC
In what year did the First Council of Nicaea take place?,325
In what year did the Great Schism split the Christian church into East and West?,1054
"In what year did the Hijra, Muhammad's migration to Medina, take place?",622
In what year did the Act of Supremacy establish the Church of England?,1534
In what year did the Avignon Papacy begin?,1309
"In what year was the Treaty of Tordesillas, dividing New World lands between Spain and Portugal?",1494
In what year was the Treaty of Paris that ended the Napoleonic Wars signed?,1815
"In what year was the Treaty of Ghent, ending the War of 1812, signed?",1814
What was the treaty that ended the Russo-Japanese War called?,Treaty of Portsmouth
In what year did Egypt's President sign the Camp David Accords?,1978
Which Egyptian President signed the Camp David Accords in 1978?,Anwar Sadat
Which Israeli Prime Minister signed the Camp David Accords in 1978?,Menachem Begin
"In what year was the Treaty of Brest-Litovsk, taking Russia out of World War One?",1918
In what year was the Treaty of Tilsit between France and Russia?,1807
"In what year was the Treaty of Utrecht, ending the War of the Spanish Succession?",1713
In what year was the Congress of Berlin held?,1878
Who discovered Tutankhamun's tomb in 1922?,Howard Carter
In what year was Tutankhamun's tomb discovered?,1922
"In what year, traditionally, did Egypt's Old Kingdom begin?",2686 BC
"In what year, traditionally, did Egypt's Middle Kingdom begin?",2055 BC
"In what year, traditionally, did Egypt's New Kingdom begin?",1550 BC
In what year did the Sui dynasty unify China?,581
"In what year, approximately, did the Shang dynasty begin in China?",1600 BC
"In what year, approximately, did the Zhou dynasty begin in China?",1046 BC
In what year did the Kamakura Shogunate begin in Japan?,1185
In what year did the Tokugawa Shogunate begin in Japan?,1603
Who was the first Tokugawa Shogun of Japan?,Tokugawa Ieyasu
In what year was Julius Caesar assassinated?,44 BC
In what year was Mahatma Gandhi assassinated?,1948
In what year was John F Kennedy assassinated?,1963
In what year was Malcolm X assassinated?,1965
In what year was Anwar Sadat assassinated?,1981
In what year was Indira Gandhi assassinated?,1984
In what year was Yitzhak Rabin assassinated?,1995
Who won the Nobel Peace Prize in 1964 for civil rights leadership?,Martin Luther King Jr
In what year did Nelson Mandela win the Nobel Peace Prize?,1993
"In what year was the Battle of Plassey, establishing British control in Bengal?",1757
In what year did the British Raj begin formal rule over India?,1858
In what year did the Winter War between Finland and the Soviet Union end?,1940
In what year did the Continuation War between Finland and the Soviet Union begin?,1941
In what year did the Chaco War between Bolivia and Paraguay begin?,1932
In what year did the War of the Triple Alliance in South America end?,1870
"In what year was the Battle of Lexington and Concord, the first battle of the American Revolution?",1775
In what year was the Battle of Bunker Hill?,1775
In what year was the Battle of Trenton?,1776
In what year was the Battle of Saratoga?,1777
In what year did Amerigo Vespucci first voyage to the New World?,1499
Who was the American continents named after?,Amerigo Vespucci
In what year was the Second Crusade launched?,1147
In what year was the Third Crusade launched?,1189
In what year did the Fourth Crusade sack Constantinople?,1204
In what year was the Children's Crusade?,1212
In what year did Osman I become Ottoman Sultan?,1299
In what year did Orhan become Ottoman Sultan?,1326
In what year did Murad I become Ottoman Sultan?,1362
In what year did Bayezid I become Ottoman Sultan?,1389
In what year did Mehmed II become Ottoman Sultan?,1451
In what year did Bayezid II become Ottoman Sultan?,1481
In what year did Selim I become Ottoman Sultan?,1512
In what year did Suleiman the Magnificent become Ottoman Sultan?,1520
In what year did Selim II become Ottoman Sultan?,1566
In what year did Ahmed I become Ottoman Sultan?,1603
In what year did Mahmud II become Ottoman Sultan?,1808
In what year did Abdulmejid I become Ottoman Sultan?,1839
In what year did Abdul Hamid II become Ottoman Sultan?,1876
In what year did Mehmed V become Ottoman Sultan?,1909
In what year did Mehmed VI become Ottoman Sultan?,1918
In what year did King Hugh Capet of France's reign begin?,987
In what year did King Philip II Augustus of France's reign begin?,1180
In what year did King Louis IX of France's reign begin?,1226
In what year did King Philip IV of France's reign begin?,1285
In what year did King Charles IV of France's reign begin?,1322
In what year did King Philip VI of France's reign begin?,1328
In what year did King John II of France's reign begin?,1350
In what year did King Charles V of France's reign begin?,1364
In what year did King Charles VI of France's reign begin?,1380
In what year did King Charles VII of France's reign begin?,1422
In what year did King Louis XI of France's reign begin?,1461
In what year did King Charles VIII of France's reign begin?,1483
In what year did King Louis XII of France's reign begin?,1498
In what year did King Francis I of France's reign begin?,1515
In what year did King Henry II of France's reign begin?,1547
In what year did King Francis II of France's reign begin?,1559
In what year did King Charles IX of France's reign begin?,1560
In what year did King Henry III of France's reign begin?,1574
In what year did King Henry IV of France's reign begin?,1589
In what year did Charlemagne become Holy Roman Emperor?,800
In what year did Otto I become Holy Roman Emperor?,962
In what year did Otto II become Holy Roman Emperor?,973
In what year did Otto III become Holy Roman Emperor?,996
In what year did Henry II become Holy Roman Emperor?,1014
In what year did Conrad II become Holy Roman Emperor?,1027
In what year did Henry III become Holy Roman Emperor?,1046
In what year did Henry V become Holy Roman Emperor?,1111
In what year did Frederick I Barbarossa become Holy Roman Emperor?,1155
In what year did Henry VI become Holy Roman Emperor?,1191
In what year did Frederick II become Holy Roman Emperor?,1220
In what year did Charles IV become Holy Roman Emperor?,1355
In what year did Sigismund become Holy Roman Emperor?,1433
In what year did Maximilian I become Holy Roman Emperor?,1508
In what year did Charles V become Holy Roman Emperor?,1519
In what year did Francis II become Holy Roman Emperor?,1792
In what year did Afonso I become monarch of Portugal?,1139
In what year did John I become monarch of Portugal?,1385
In what year did Manuel I become monarch of Portugal?,1495
In what year did John IV become monarch of Portugal?,1640
In what year did Maria I become monarch of Portugal?,1777
In what year did Pedro IV become monarch of Portugal?,1826
In what year did Carlos I become monarch of Portugal?,1889
In what year did Manuel II become monarch of Portugal?,1908
In what year did Gustav I Vasa become monarch of Sweden?,1523
In what year did Gustav II Adolf become monarch of Sweden?,1611
In what year did Christina become monarch of Sweden?,1632
In what year did Charles XII become monarch of Sweden?,1697
In what year did Gustav III become monarch of Sweden?,1771
In what year did Carl XVI Gustaf become monarch of Sweden?,1973
In what year did Christian IV become monarch of Denmark?,1588
In what year did Christian IX become monarch of Denmark?,1863
In what year did the Democratic Republic of the Congo gain independence?,1960
In what year did Ivory Coast gain independence?,1960
In what year did Senegal gain independence?,1960
In what year did Mali gain independence?,1960
In what year did Chad gain independence?,1960
In what year did Cameroon gain independence?,1960
In what year did Gabon gain independence?,1960
In what year did the Central African Republic gain independence?,1960
In what year did Niger gain independence?,1960
In what year did Burkina Faso gain independence?,1960
In what year did Benin gain independence?,1960
In what year did Mauritania gain independence?,1960
In what year did Togo gain independence?,1960
In what year did Madagascar gain independence?,1960
In what year did Somalia gain independence?,1960
In what year did the Republic of the Congo gain independence?,1960
In what year did Uganda gain independence?,1962
In what year did Malawi gain independence?,1964
In what year did Zambia gain independence?,1964
In what year did Tanganyika gain independence?,1961
In what year did Jamaica gain independence?,1962
In what year did Trinidad and Tobago gain independence?,1962
In what year did Barbados gain independence?,1966
In what year did Guyana gain independence?,1966
In what year did the Bahamas gain independence?,1973
In what year did Papua New Guinea gain independence?,1975
In what year did Fiji gain independence?,1970
In what year did Vietnam from France gain independence?,1954
"In what year was the Peace of Augsburg, allowing German princes to choose their state religion?",1555
"In what year was the Battle of Lepanto, a major naval battle against the Ottomans?",1571
"In what year did the Dutch Republic formally gain independence from Spain, recognised by treaty?",1648
In what year was the Act of Union joining England and Scotland into Great Britain?,1707
In what year was the Act of Union joining Great Britain and Ireland into the United Kingdom?,1800
In what year did Texas declare independence from Mexico?,1836
In what year was Texas annexed by the United States?,1845
In what year did California become a US state?,1850
In what year was the Homestead Act passed in the United States?,1862
In what year was the Emancipation Proclamation issued?,1863
In what year was slavery abolished in the British Empire?,1833
In what year was the Thirteenth Amendment abolishing slavery ratified in the United States?,1865
In what year did women gain the right to vote in the United States?,1920
In what year did women gain the right to vote in the United Kingdom on equal terms with men?,1928
In what year was the Geneva Convention on the treatment of prisoners of war signed?,1929
In what year was the World Health Organization founded?,1948
"In what year was the European Union's predecessor, the European Coal and Steel Community, founded?",1951
In what year was the Treaty of Rome establishing the European Economic Community signed?,1957
In what year did the Maastricht Treaty establish the European Union?,1992
In what year did the United Kingdom formally leave the European Union?,2020
In what year did Justinian I become Byzantine Emperor?,527
In what year did Heraclius become Byzantine Emperor?,610
In what year did Basil II become Byzantine Emperor?,976
In what year did Alexios I Komnenos become Byzantine Emperor?,1081
In what year did Michael VIII Palaiologos become Byzantine Emperor?,1259
In what year did the United States complete the Louisiana Purchase?,1803
In what year did the United States purchase Alaska from Russia?,1867
In what year was the Missouri Compromise passed?,1820
In what year was the Compromise of 1850 passed?,1850
In what year was the Kansas-Nebraska Act passed?,1854
In what year was the Dred Scott decision issued by the US Supreme Court?,1857
In what year did Reconstruction in the United States effectively end?,1877
In what year was the Hungarian Revolution against Soviet rule?,1956
In what year was the Prague Spring?,1968
In what year did the Nigerian Civil War (Biafran War) begin?,1967
In what year did the Nigerian Civil War (Biafran War) end?,1970
In what year did the Congo Crisis begin?,1960
In what year was the Bay of Pigs Invasion?,1961
In what year was the Chilean coup that brought Pinochet to power?,1973
In what year did the Iranian Revolution take place?,1979
"In what year did Saigon fall, ending the Vietnam War?",1975
In what year was Portugal's Carnation Revolution?,1974
In what year did the Algerian War of Independence begin?,1954
In what year did Leopold I become monarch of Belgium?,1831
In what year did Leopold II become monarch of Belgium?,1865
In what year did Albert I become monarch of Belgium?,1909
In what year did Leopold III become monarch of Belgium?,1934
In what year did Baudouin become monarch of Belgium?,1951
In what year did Albert II become monarch of Belgium?,1993
In what year did Philippe become monarch of Belgium?,2013
In what year did William I become monarch of the Netherlands?,1815
In what year did William II become monarch of the Netherlands?,1840
In what year did William III become monarch of the Netherlands?,1849
In what year did Wilhelmina become monarch of the Netherlands?,1890
In what year did Juliana become monarch of the Netherlands?,1948
In what year did Beatrix become monarch of the Netherlands?,1980
In what year did Willem-Alexander become monarch of the Netherlands?,2013
In what year did Kuwait gain independence?,1961
In what year did Qatar gain independence?,1971
In what year did the United Arab Emirates gain independence?,1971
In what year did Bahrain gain independence?,1971
In what year did Brunei gain independence?,1984
In what year did Belize gain independence?,1981
In what year did Suriname gain independence?,1975
In what year did the Second Opium War begin?,1856
In what year did the Second Opium War end?,1860
In what year did the Great Northern War begin?,1700
In what year did the Great Northern War end?,1721
In what year was the Battle of Poltava?,1709
In what year was the Battle of Rocroi?,1643
Who was the first person confirmed to reach the South Pole?,Roald Amundsen
In what year did Roald Amundsen first reach the South Pole?,1911
In what year did Robert Falcon Scott reach the South Pole?,1912
Who was the first person to summit Mount Everest?,Edmund Hillary
In what year was Mount Everest first summited?,1953
In what year did Charles Lindbergh complete the first solo transatlantic flight?,1927
In what year did Amelia Earhart disappear during her round-the-world flight attempt?,1937
In what year was the first successful transatlantic telegraph cable completed?,1858
In what year was the first modern Olympic Games held?,1896
In what year was the first FIFA World Cup held?,1930
In what year did the Hindenburg airship disaster occur?,1937
In what year was the first kidney transplant successfully performed?,1954
In what year was the first human heart transplant performed?,1967
In what year was penicillin first used to treat a patient?,1942
What historiographical term describes writing history primarily from the perspective of ordinary people rather than elites?,History from below
What term describes judging historical figures by present-day moral standards rather than the standards of their own time?,Presentism
What is the term for a historical school of thought emphasising long-term social and economic structures over individual events?,Annales School
What term describes a primary source written by someone with direct personal involvement in an event?,Eyewitness account
What is the term for the study of how history has been written and by whom?,Historiography
"What economic theory holds that European colonial powers extracted wealth from colonies, underdeveloping them?",Dependency theory
"What is the term for the idea that history moves in a fixed, ordered progression toward a final state?",Historical determinism
What was the Sykes-Picot Agreement?,a secret 1916 agreement between Britain and France dividing Ottoman Arab territories into spheres of influence
What was the Balfour Declaration of 1917?,a British statement supporting the establishment of a national home for the Jewish people in Palestine
What economic policy did the Soviet Union introduce in 1921 to partially reintroduce market elements after War Communism?,New Economic Policy
What was the Domino Theory used to justify during the Cold War?,"the belief that if one country fell to communism, neighbouring countries would follow"
What was the policy of Containment associated with in early Cold War American foreign policy?,preventing the spread of Soviet communism beyond its existing borders
What was Ostpolitik?,West Germany's policy of normalising relations with East Germany and Eastern Bloc states from the late 1960s
"What was Glasnost, introduced by Mikhail Gorbachev?",a policy of greater political openness and transparency in the Soviet Union
"What was Perestroika, introduced by Mikhail Gorbachev?",a policy of restructuring the Soviet economy and government
What was the Marshall Plan officially known as?,the European Recovery Program
What was the significance of the Corn Laws in nineteenth-century Britain?,"tariffs on imported grain that protected landowners but raised food prices, repealed in 1846"
What was the significance of the Reform Act of 1832 in Britain?,"it expanded the electorate and eliminated many rotten boroughs, reforming parliamentary representation"
What was a rotten borough in the British electoral system before 1832?,"a parliamentary constituency with very few voters, easily controlled by a wealthy patron"
What was the Enclosure movement in British agrarian history?,the process of consolidating and privatising previously common or open land
What economic and social process describes the mass migration of rural populations to cities during industrialisation?,urbanisation
"What term describes the economic policy of accumulating wealth through trade surpluses and colonial exploitation, dominant before free trade?",Mercantilism
What was the significance of the Peace of Augsburg of 1555 for the Holy Roman Empire?,"it allowed rulers to determine the official religion, Catholic or Lutheran, of their own territory"
What was the significance of the Investiture Controversy between medieval popes and monarchs?,a dispute over whether secular rulers or the Church had authority to appoint bishops and abbots
What was the feudal system's core structure based on?,an exchange of land for military service and loyalty between lords and vassals
What was primogeniture in medieval and early modern inheritance law?,the right of the eldest son to inherit the family estate
What was the significance of the Peasants' Revolt of 1381 in England?,it was a major uprising against high taxes and social restrictions following the Black Death
What long-term demographic and economic effect did the Black Death have on European labour in the fourteenth century?,a severe labour shortage that increased wages and weakened the feudal system
What was the significance of the Council of Trent for the Catholic Church?,it defined Catholic doctrine and launched the Counter-Reformation in response to Protestantism
What was the Counter-Reformation?,"the Catholic Church's response to the Protestant Reformation, reforming internal practices and reasserting doctrine"
What economic and religious motivations combined to drive the Dissolution of the Monasteries in England under Henry VIII?,seizing monastic wealth and land while asserting royal control over the church
What was the significance of the Petition of Right of 1628 in England?,it limited the king's power to imprison subjects without cause or levy taxes without Parliament's consent
What was the significance of the Bill of Rights of 1689 in England?,it established constitutional limits on royal power and expanded parliamentary authority after the Glorious Revolution
What was mercantilist rivalry a major underlying cause of in eighteenth-century European warfare?,conflicts over colonial trade and territory between European powers
What was the significance of the Congress of Vienna for European diplomacy after 1815?,it redrew European borders and established a balance of power to prevent future large-scale war
"What ideology, emphasising national self-determination and cultural identity, rose across Europe in the nineteenth century?",Nationalism
What was the Concert of Europe?,a system of diplomatic cooperation among major powers to maintain the balance of power after 1815
What was the significance of the Zollverein in nineteenth-century Germany?,a customs union that reduced trade barriers among German states and paved the way toward unification
"What was realpolitik, associated with Otto von Bismarck's diplomacy?",a pragmatic approach to politics based on practical power considerations rather than ideology
What alliance system is often cited as a key structural cause of the outbreak of World War One?,the network of entangling alliances between major European powers
What was the July Crisis of 1914?,the diplomatic confrontation among European powers following Franz Ferdinand's assassination that led directly to war
"What was trench warfare, characteristic of the Western Front in World War One?",a form of static warfare using deep defensive trench systems separated by no man's land
What was the significance of the Zimmermann Telegram in 1917?,"a secret German proposal to Mexico that, once intercepted, helped draw the United States into World War One"
"What was war guilt, as assigned formally to Germany in the Treaty of Versailles?","Article 231, which held Germany responsible for causing World War One"
What was hyperinflation in Weimar Germany in 1923 largely caused by?,"the government printing excessive money to pay reparations and striking workers, collapsing the currency's value"
What was the Enabling Act of 1933 in Germany?,a law granting Hitler's cabinet power to enact laws without the Reichstag's involvement
"What was Lebensraum, a core concept in Nazi ideology?","the belief that Germany needed additional living space, especially in Eastern Europe, for its population"
"What was appeasement, the policy pursued by Britain and France toward Nazi Germany in the 1930s?",making concessions to an aggressive power to avoid conflict
What was the Molotov-Ribbentrop Pact of 1939?,a non-aggression agreement between Nazi Germany and the Soviet Union that included a secret plan to divide Eastern Europe
What was the significance of the Battle of Stalingrad for the wider course of World War Two?,"it marked a decisive turning point on the Eastern Front, halting the German advance into the Soviet Union"
"What was the Final Solution, the Nazi regime's policy from 1941 onward?",the systematic genocide of Europe's Jewish population
What was the significance of the Yalta Conference of 1945?,Allied leaders agreed on the postwar reorganisation of Europe and the division of Germany into occupation zones
What was the significance of the Potsdam Conference of 1945?,Allied leaders finalised plans for postwar Germany and issued an ultimatum demanding Japan's surrender
"What was denazification, carried out in occupied Germany after World War Two?","the Allied process of removing Nazi influence from German society, culture, and institutions"
What was the Truman Doctrine of 1947?,"a US commitment to support countries resisting communist expansion, beginning with Greece and Turkey"
What was the significance of the Berlin Blockade of 1948 to 1949?,"the Soviet Union cut off land access to West Berlin, prompting the Allied Berlin Airlift"
What was McCarthyism in 1950s America?,a period of intense anti-communist suspicion and investigation led by Senator Joseph McCarthy
What was the significance of Brown v Board of Education in 1954?,a US Supreme Court ruling that declared racial segregation in public schools unconstitutional
"What was the Non-Aligned Movement, formed during the Cold War?","a group of states that declared themselves neutral, not formally aligned with either the US or Soviet bloc"
"What was decolonisation, the major global process after World War Two?",the process by which colonies gained independence from European colonial powers
What was the significance of the Bandung Conference of 1955?,it promoted Afro-Asian cooperation and opposition to colonialism among newly independent nations
"What was détente, a phase in Cold War relations during the 1970s?",a period of eased tension and improved relations between the United States and the Soviet Union
"What was mutually assured destruction, a Cold War nuclear strategy concept?",the doctrine that a full-scale nuclear attack by either side would result in the destruction of both
What was the significance of the SALT agreements between the United States and the Soviet Union?,they limited the number of strategic nuclear weapons each superpower could possess
"What was Ostalgie, a term describing sentiment in post-reunification Germany?",nostalgia for aspects of life in former East Germany after reunification
What was the Great Leap Forward in China under Mao Zedong?,"a campaign from 1958 to rapidly industrialise and collectivise agriculture, which led to a severe famine"
What was the Cultural Revolution's stated aim in China from 1966?,purging capitalist and traditional elements from Chinese society to preserve communist ideology
What was the significance of the Great Famine of 1958 to 1962 in China?,it caused tens of millions of deaths due to failed agricultural policies during the Great Leap Forward
What was Deng Xiaoping's economic policy shift beginning in 1978 known as?,Reform and Opening Up
"What was apartheid, the system implemented in South Africa from 1948?",a policy of institutionalised racial segregation and discrimination
What was the significance of the Sharpeville Massacre of 1960?,"South African police killed dozens of protesters, drawing international condemnation of apartheid"
What was the Truth and Reconciliation Commission in post-apartheid South Africa?,a body that investigated apartheid-era human rights abuses and promoted national healing
What was the significance of the Berlin Conference of 1884 to 1885 for Africa?,European powers formalised the partition of Africa into colonial territories without African representation
"What was indirect rule, a colonial administrative strategy used especially by Britain in Africa?",governing colonies through existing local leaders and structures rather than direct European administration
What was the significance of the Mau Mau Uprising in Kenya during the 1950s?,an armed rebellion against British colonial rule that contributed to Kenya's eventual independence
"What was the Non-Cooperation Movement, launched by Gandhi in 1920?","a campaign urging Indians to boycott British goods, institutions, and honours to resist colonial rule"
What was the significance of the Salt March of 1930 led by Gandhi?,a nonviolent protest against the British salt tax that galvanised the Indian independence movement
"What was Partition, as it occurred in South Asia in 1947?","the division of British India into the independent states of India and Pakistan, accompanied by mass displacement and violence"
What was the significance of the Green Revolution in mid-twentieth-century agriculture?,the introduction of high-yield crop varieties and modern farming techniques that greatly increased food production
What was the encomienda system in Spanish colonial America?,a labour system granting colonists the right to demand labour and tribute from indigenous people
What was the significance of the Columbian Exchange?,"the widespread transfer of plants, animals, diseases, and people between the Americas and the Old World after 1492"
What was the triangular trade in the early modern Atlantic economy?,"a trade network moving goods, enslaved people, and raw materials among Europe, Africa, and the Americas"
What was the Middle Passage?,the forced transatlantic voyage of enslaved Africans to the Americas under brutal conditions
What was the significance of the Haitian Revolution for the broader Atlantic world?,"it was the only successful slave revolt to establish an independent state, ending slavery and French colonial rule in Haiti"
What was Manifest Destiny in nineteenth-century American political thought?,the belief that the United States was destined to expand across the North American continent
What was the significance of the Indian Removal Act of 1830 in the United States?,it authorised the forced relocation of Native American tribes from their ancestral lands
What was the Trail of Tears?,"the forced march of Native American tribes, especially the Cherokee, to designated territory west of the Mississippi, causing many deaths"
"What was Jim Crow, the system established in the American South after Reconstruction?",a set of laws enforcing racial segregation and disenfranchisement of Black Americans
What was the significance of the Plessy v Ferguson ruling of 1896?,it upheld racial segregation under the doctrine of separate but equal
What was the significance of the March on Washington in 1963?,a mass demonstration for civil rights where Martin Luther King Jr delivered his I Have a Dream speech
What was the Civil Rights Act of 1964 in the United States?,"landmark legislation outlawing discrimination based on race, colour, religion, sex, or national origin"
What was the Voting Rights Act of 1965 designed to address?,"barriers, such as literacy tests, that prevented Black Americans from voting"
What was containment's central failure often argued to be in Vietnam?,misjudging the conflict as primarily a Cold War proxy struggle rather than a nationalist independence movement
What was the Gulf of Tonkin incident of 1964 used to justify?,expanded US military involvement in the Vietnam War
What was the significance of the Tet Offensive of 1968?,"it shocked American public opinion and undermined confidence in the war's progress, despite being a military defeat for the attackers"
"What was Vietnamisation, a policy pursued by President Nixon?",gradually transferring combat responsibility from US forces to South Vietnamese forces
What was the significance of the fall of the Berlin Wall in 1989 for the wider Eastern Bloc?,it symbolised and accelerated the collapse of communist governments across Eastern Europe
"What was shock therapy, an economic policy applied in post-Soviet Russia in the early 1990s?","the rapid liberalisation of prices, trade, and privatisation intended to quickly transition to a market economy"
What was the significance of the Dayton Agreement of 1995?,it ended the Bosnian War and established a framework for governing Bosnia and Herzegovina
"What was the Washington Consensus, an economic policy framework promoted in the 1980s and 1990s?","a set of market-oriented reforms, including privatisation and trade liberalisation, recommended for developing economies"